"year","unitid","inst_name","state_name","level_of_study","enrollment_fall"
"2016","160959","College of the Atlantic","Maine","Undergraduate","337"
"2016","160959","College of the Atlantic","Maine","Graduate","7"
"2016","160977","Bates College","Maine","Undergraduate","1780"
"2016","161004","Bowdoin College","Maine","Undergraduate","1806"
"2016","161086","Colby College","Maine","Undergraduate","1879"
"2016","161217","University of Maine at Augusta","Maine","Undergraduate","4416"
"2016","161226","University of Maine at Farmington","Maine","Undergraduate","1782"
"2016","161226","University of Maine at Farmington","Maine","Graduate","218"
"2016","161235","University of Maine at Fort Kent","Maine","Undergraduate","1904"
"2016","161244","University of Maine at Machias","Maine","Undergraduate","745"
"2016","161253","University of Maine","Maine","Undergraduate","9323"
"2016","161253","University of Maine","Maine","Graduate","1896"
"2016","161299","Maine Maritime Academy","Maine","Undergraduate","1014"
"2016","161299","Maine Maritime Academy","Maine","Graduate","31"
"2016","161341","University of Maine at Presque Isle","Maine","Undergraduate","1326"
"2016","161457","University of New England","Maine","Undergraduate","4247"
"2016","161457","University of New England","Maine","Graduate","4016"
"2016","161509","Maine College of Art","Maine","Undergraduate","459"
"2016","161509","Maine College of Art","Maine","Graduate","29"
"2016","161518","Saint Joseph's College of Maine","Maine","Undergraduate","1504"
"2016","161518","Saint Joseph's College of Maine","Maine","Graduate","598"
"2016","161554","University of Southern Maine","Maine","Undergraduate","6189"
"2016","161554","University of Southern Maine","Maine","Graduate","1666"
"2016","161563","Thomas College","Maine","Undergraduate","1227"
"2016","161563","Thomas College","Maine","Graduate","148"
"2016","161572","Unity College","Maine","Undergraduate","729"
"2016","161572","Unity College","Maine","Graduate","10"
"2016","462044","Institute for Doctoral Studies in the Visual Arts","Maine","Graduate","70"
"2016","487524","Husson University","Maine","Undergraduate","2833"
"2016","487524","Husson University","Maine","Graduate","838"
"2015","160959","College of the Atlantic","Maine","Undergraduate","338"
"2015","160959","College of the Atlantic","Maine","Graduate","10"
"2015","160977","Bates College","Maine","Undergraduate","1792"
"2015","161004","Bowdoin College","Maine","Undergraduate","1799"
"2015","161086","Colby College","Maine","Undergraduate","1857"
"2015","161217","University of Maine at Augusta","Maine","Undergraduate","4683"
"2015","161226","University of Maine at Farmington","Maine","Undergraduate","1795"
"2015","161226","University of Maine at Farmington","Maine","Graduate","221"
"2015","161235","University of Maine at Fort Kent","Maine","Undergraduate","1559"
"2015","161244","University of Maine at Machias","Maine","Undergraduate","786"
"2015","161253","University of Maine","Maine","Undergraduate","9297"
"2015","161253","University of Maine","Maine","Graduate","1625"
"2015","161299","Maine Maritime Academy","Maine","Undergraduate","995"
"2015","161299","Maine Maritime Academy","Maine","Graduate","37"
"2015","161341","University of Maine at Presque Isle","Maine","Undergraduate","1289"
"2015","161457","University of New England","Maine","Undergraduate","3800"
"2015","161457","University of New England","Maine","Graduate","3994"
"2015","161509","Maine College of Art","Maine","Undergraduate","434"
"2015","161509","Maine College of Art","Maine","Graduate","34"
"2015","161518","Saint Joseph's College of Maine","Maine","Undergraduate","1719"
"2015","161518","Saint Joseph's College of Maine","Maine","Graduate","862"
"2015","161554","University of Southern Maine","Maine","Undergraduate","6126"
"2015","161554","University of Southern Maine","Maine","Graduate","1613"
"2015","161563","Thomas College","Maine","Undergraduate","1212"
"2015","161563","Thomas College","Maine","Graduate","155"
"2015","161572","Unity College","Maine","Undergraduate","665"
"2015","462044","Institute for Doctoral Studies in the Visual Arts","Maine","Graduate","64"
"2015","487524","Husson University","Maine","Undergraduate","2684"
"2015","487524","Husson University","Maine","Graduate","732"
"2014","160959","College of the Atlantic","Maine","Undergraduate","378"
"2014","160959","College of the Atlantic","Maine","Graduate","8"
"2014","160977","Bates College","Maine","Undergraduate","1773"
"2014","161004","Bowdoin College","Maine","Undergraduate","1805"
"2014","161086","Colby College","Maine","Undergraduate","1847"
"2014","161165","Husson University","Maine","Undergraduate","2706"
"2014","161165","Husson University","Maine","Graduate","709"
"2014","161217","University of Maine at Augusta","Maine","Undergraduate","4664"
"2014","161226","University of Maine at Farmington","Maine","Undergraduate","1773"
"2014","161226","University of Maine at Farmington","Maine","Graduate","187"
"2014","161235","University of Maine at Fort Kent","Maine","Undergraduate","1327"
"2014","161244","University of Maine at Machias","Maine","Undergraduate","810"
"2014","161253","University of Maine","Maine","Undergraduate","9339"
"2014","161253","University of Maine","Maine","Graduate","1947"
"2014","161299","Maine Maritime Academy","Maine","Undergraduate","1031"
"2014","161299","Maine Maritime Academy","Maine","Graduate","29"
"2014","161341","University of Maine at Presque Isle","Maine","Undergraduate","1138"
"2014","161457","University of New England","Maine","Undergraduate","2749"
"2014","161457","University of New England","Maine","Graduate","3680"
"2014","161509","Maine College of Art","Maine","Undergraduate","424"
"2014","161509","Maine College of Art","Maine","Graduate","33"
"2014","161518","Saint Joseph's College of Maine","Maine","Undergraduate","1887"
"2014","161518","Saint Joseph's College of Maine","Maine","Graduate","1046"
"2014","161554","University of Southern Maine","Maine","Undergraduate","6628"
"2014","161554","University of Southern Maine","Maine","Graduate","1800"
"2014","161563","Thomas College","Maine","Undergraduate","1224"
"2014","161563","Thomas College","Maine","Graduate","184"
"2014","161572","Unity College","Maine","Undergraduate","601"
"2014","462044","Institute for Doctoral Studies in the Visual Arts","Maine","Graduate","52"
"2013","160959","College of the Atlantic","Maine","Undergraduate","362"
"2013","160959","College of the Atlantic","Maine","Graduate","8"
"2013","160977","Bates College","Maine","Undergraduate","1791"
"2013","161004","Bowdoin College","Maine","Undergraduate","1795"
"2013","161086","Colby College","Maine","Undergraduate","1820"
"2013","161165","Husson University","Maine","Undergraduate","2350"
"2013","161165","Husson University","Maine","Graduate","699"
"2013","161217","University of Maine at Augusta","Maine","Undergraduate","4770"
"2013","161226","University of Maine at Farmington","Maine","Undergraduate","1901"
"2013","161226","University of Maine at Farmington","Maine","Graduate","160"
"2013","161235","University of Maine at Fort Kent","Maine","Undergraduate","1209"
"2013","161244","University of Maine at Machias","Maine","Undergraduate","892"
"2013","161253","University of Maine","Maine","Undergraduate","9182"
"2013","161253","University of Maine","Maine","Graduate","2065"
"2013","161299","Maine Maritime Academy","Maine","Undergraduate","994"
"2013","161299","Maine Maritime Academy","Maine","Graduate","24"
"2013","161341","University of Maine at Presque Isle","Maine","Undergraduate","1263"
"2013","161457","University of New England","Maine","Undergraduate","2653"
"2013","161457","University of New England","Maine","Graduate","3379"
"2013","161509","Maine College of Art","Maine","Undergraduate","378"
"2013","161509","Maine College of Art","Maine","Graduate","31"
"2013","161518","Saint Joseph's College of Maine","Maine","Undergraduate","1913"
"2013","161518","Saint Joseph's College of Maine","Maine","Graduate","1264"
"2013","161554","University of Southern Maine","Maine","Undergraduate","7098"
"2013","161554","University of Southern Maine","Maine","Graduate","1825"
"2013","161563","Thomas College","Maine","Undergraduate","1339"
"2013","161563","Thomas College","Maine","Graduate","183"
"2013","161572","Unity College","Maine","Undergraduate","553"
"2013","373827","New England School of Communications","Maine","Undergraduate","457"
"2013","462044","Institute for Doctoral Studies in the Visual Arts","Maine","Graduate","46"
"2012","160959","College of the Atlantic","Maine","Undergraduate","330"
"2012","160959","College of the Atlantic","Maine","Graduate","10"
"2012","160968","Bangor Theological Seminary","Maine","Graduate","58"
"2012","160977","Bates College","Maine","Undergraduate","1753"
"2012","161004","Bowdoin College","Maine","Undergraduate","1839"
"2012","161086","Colby College","Maine","Undergraduate","1863"
"2012","161165","Husson University","Maine","Undergraduate","2393"
"2012","161165","Husson University","Maine","Graduate","740"
"2012","161217","University of Maine at Augusta","Maine","Undergraduate","4990"
"2012","161226","University of Maine at Farmington","Maine","Undergraduate","2028"
"2012","161226","University of Maine at Farmington","Maine","Graduate","151"
"2012","161235","University of Maine at Fort Kent","Maine","Undergraduate","1169"
"2012","161244","University of Maine at Machias","Maine","Undergraduate","925"
"2012","161253","University of Maine","Maine","Undergraduate","8778"
"2012","161253","University of Maine","Maine","Graduate","2123"
"2012","161299","Maine Maritime Academy","Maine","Undergraduate","979"
"2012","161299","Maine Maritime Academy","Maine","Graduate","14"
"2012","161341","University of Maine at Presque Isle","Maine","Undergraduate","1463"
"2012","161457","University of New England","Maine","Undergraduate","2637"
"2012","161457","University of New England","Maine","Graduate","3029"
"2012","161509","Maine College of Art","Maine","Undergraduate","369"
"2012","161509","Maine College of Art","Maine","Graduate","34"
"2012","161518","Saint Joseph's College of Maine","Maine","Undergraduate","1959"
"2012","161518","Saint Joseph's College of Maine","Maine","Graduate","1412"
"2012","161554","University of Southern Maine","Maine","Undergraduate","7407"
"2012","161554","University of Southern Maine","Maine","Graduate","1975"
"2012","161563","Thomas College","Maine","Undergraduate","1201"
"2012","161563","Thomas College","Maine","Graduate","133"
"2012","161572","Unity College","Maine","Undergraduate","540"
"2012","373827","New England School of Communications","Maine","Undergraduate","499"
"2012","462044","Institute for Doctoral Studies in the Visual Arts","Maine","Graduate","37"
"2011","160959","College of the Atlantic","Maine","Undergraduate","354"
"2011","160959","College of the Atlantic","Maine","Graduate","9"
"2011","160968","Bangor Theological Seminary","Maine","Undergraduate","2"
"2011","160968","Bangor Theological Seminary","Maine","Graduate","79"
"2011","160977","Bates College","Maine","Undergraduate","1769"
"2011","161004","Bowdoin College","Maine","Undergraduate","1778"
"2011","161086","Colby College","Maine","Undergraduate","1815"
"2011","161165","Husson University","Maine","Undergraduate","2502"
"2011","161165","Husson University","Maine","Graduate","655"
"2011","161217","University of Maine at Augusta","Maine","Undergraduate","4943"
"2011","161217","University of Maine at Augusta","Maine","Graduate","31"
"2011","161226","University of Maine at Farmington","Maine","Undergraduate","2254"
"2011","161226","University of Maine at Farmington","Maine","Graduate","56"
"2011","161235","University of Maine at Fort Kent","Maine","Undergraduate","1080"
"2011","161244","University of Maine at Machias","Maine","Undergraduate","863"
"2011","161253","University of Maine","Maine","Undergraduate","8911"
"2011","161253","University of Maine","Maine","Graduate","2257"
"2011","161299","Maine Maritime Academy","Maine","Undergraduate","927"
"2011","161299","Maine Maritime Academy","Maine","Graduate","16"
"2011","161341","University of Maine at Presque Isle","Maine","Undergraduate","1453"
"2011","161457","University of New England","Maine","Undergraduate","2790"
"2011","161457","University of New England","Maine","Graduate","2797"
"2011","161509","Maine College of Art","Maine","Undergraduate","355"
"2011","161509","Maine College of Art","Maine","Graduate","34"
"2011","161518","Saint Joseph's College of Maine","Maine","Undergraduate","1878"
"2011","161518","Saint Joseph's College of Maine","Maine","Graduate","1251"
"2011","161554","University of Southern Maine","Maine","Undergraduate","7311"
"2011","161554","University of Southern Maine","Maine","Graduate","1990"
"2011","161563","Thomas College","Maine","Undergraduate","910"
"2011","161563","Thomas College","Maine","Graduate","156"
"2011","161572","Unity College","Maine","Undergraduate","573"
"2011","373827","New England School of Communications","Maine","Undergraduate","531"
"2011","462044","Institute for Doctoral Studies in the Visual Arts","Maine","Graduate","42"
"2010","160959","College of the Atlantic","Maine","Undergraduate","364"
"2010","160959","College of the Atlantic","Maine","Graduate","6"
"2010","160968","Bangor Theological Seminary","Maine","Undergraduate","3"
"2010","160968","Bangor Theological Seminary","Maine","Graduate","97"
"2010","160977","Bates College","Maine","Undergraduate","1725"
"2010","161004","Bowdoin College","Maine","Undergraduate","1762"
"2010","161086","Colby College","Maine","Undergraduate","1825"
"2010","161165","Husson University","Maine","Undergraduate","2526"
"2010","161165","Husson University","Maine","Graduate","584"
"2010","161217","University of Maine at Augusta","Maine","Undergraduate","5053"
"2010","161217","University of Maine at Augusta","Maine","Graduate","21"
"2010","161226","University of Maine at Farmington","Maine","Undergraduate","2386"
"2010","161226","University of Maine at Farmington","Maine","Graduate","44"
"2010","161235","University of Maine at Fort Kent","Maine","Undergraduate","1073"
"2010","161244","University of Maine at Machias","Maine","Undergraduate","951"
"2010","161253","University of Maine","Maine","Undergraduate","9183"
"2010","161253","University of Maine","Maine","Graduate","2318"
"2010","161299","Maine Maritime Academy","Maine","Undergraduate","933"
"2010","161299","Maine Maritime Academy","Maine","Graduate","16"
"2010","161341","University of Maine at Presque Isle","Maine","Undergraduate","1434"
"2010","161457","University of New England","Maine","Undergraduate","2692"
"2010","161457","University of New England","Maine","Graduate","2476"
"2010","161509","Maine College of Art","Maine","Undergraduate","318"
"2010","161509","Maine College of Art","Maine","Graduate","34"
"2010","161518","Saint Joseph's College of Maine","Maine","Undergraduate","1804"
"2010","161518","Saint Joseph's College of Maine","Maine","Graduate","971"
"2010","161554","University of Southern Maine","Maine","Undergraduate","7561"
"2010","161554","University of Southern Maine","Maine","Graduate","2093"
"2010","161563","Thomas College","Maine","Undergraduate","837"
"2010","161563","Thomas College","Maine","Graduate","147"
"2010","161572","Unity College","Maine","Undergraduate","584"
"2010","373827","New England School of Communications","Maine","Undergraduate","513"
"2009","160959","College of the Atlantic","Maine","Undergraduate","336"
"2009","160959","College of the Atlantic","Maine","Graduate","5"
"2009","160968","Bangor Theological Seminary","Maine","Undergraduate","4"
"2009","160968","Bangor Theological Seminary","Maine","Graduate","111"
"2009","160977","Bates College","Maine","Undergraduate","1738"
"2009","161004","Bowdoin College","Maine","Undergraduate","1777"
"2009","161086","Colby College","Maine","Undergraduate","1838"
"2009","161165","Husson University","Maine","Undergraduate","2491"
"2009","161165","Husson University","Maine","Graduate","390"
"2009","161217","University of Maine at Augusta","Maine","Undergraduate","5030"
"2009","161217","University of Maine at Augusta","Maine","Graduate","24"
"2009","161226","University of Maine at Farmington","Maine","Undergraduate","2314"
"2009","161226","University of Maine at Farmington","Maine","Graduate","47"
"2009","161235","University of Maine at Fort Kent","Maine","Undergraduate","1126"
"2009","161244","University of Maine at Machias","Maine","Undergraduate","964"
"2009","161253","University of Maine","Maine","Undergraduate","9511"
"2009","161253","University of Maine","Maine","Graduate","2383"
"2009","161299","Maine Maritime Academy","Maine","Undergraduate","922"
"2009","161299","Maine Maritime Academy","Maine","Graduate","17"
"2009","161341","University of Maine at Presque Isle","Maine","Undergraduate","1436"
"2009","161457","University of New England","Maine","Undergraduate","2441"
"2009","161457","University of New England","Maine","Graduate","2052"
"2009","161509","Maine College of Art","Maine","Undergraduate","304"
"2009","161509","Maine College of Art","Maine","Graduate","21"
"2009","161518","Saint Joseph's College of Maine","Maine","Undergraduate","1840"
"2009","161518","Saint Joseph's College of Maine","Maine","Graduate","887"
"2009","161554","University of Southern Maine","Maine","Undergraduate","7618"
"2009","161554","University of Southern Maine","Maine","Graduate","2037"
"2009","161563","Thomas College","Maine","Undergraduate","814"
"2009","161563","Thomas College","Maine","Graduate","183"
"2009","161572","Unity College","Maine","Undergraduate","564"
"2009","373827","New England School of Communications","Maine","Undergraduate","499"
"2008","160959","College of the Atlantic","Maine","Undergraduate","324"
"2008","160959","College of the Atlantic","Maine","Graduate","3"
"2008","160968","Bangor Theological Seminary","Maine","Undergraduate","7"
"2008","160968","Bangor Theological Seminary","Maine","Graduate","125"
"2008","160977","Bates College","Maine","Undergraduate","1776"
"2008","161004","Bowdoin College","Maine","Undergraduate","1723"
"2008","161086","Colby College","Maine","Undergraduate","1847"
"2008","161165","Husson University","Maine","Undergraduate","2300"
"2008","161165","Husson University","Maine","Graduate","372"
"2008","161217","University of Maine at Augusta","Maine","Undergraduate","4958"
"2008","161217","University of Maine at Augusta","Maine","Graduate","19"
"2008","161226","University of Maine at Farmington","Maine","Undergraduate","2139"
"2008","161226","University of Maine at Farmington","Maine","Graduate","35"
"2008","161235","University of Maine at Fort Kent","Maine","Undergraduate","1102"
"2008","161244","University of Maine at Machias","Maine","Undergraduate","1023"
"2008","161253","University of Maine","Maine","Undergraduate","9667"
"2008","161253","University of Maine","Maine","Graduate","2151"
"2008","161299","Maine Maritime Academy","Maine","Undergraduate","881"
"2008","161299","Maine Maritime Academy","Maine","Graduate","12"
"2008","161341","University of Maine at Presque Isle","Maine","Undergraduate","1455"
"2008","161457","University of New England","Maine","Undergraduate","2395"
"2008","161457","University of New England","Maine","Graduate","1368"
"2008","161457","University of New England","Maine","First professional","504"
"2008","161509","Maine College of Art","Maine","Undergraduate","341"
"2008","161509","Maine College of Art","Maine","Graduate","28"
"2008","161518","Saint Joseph's College of Maine","Maine","Undergraduate","1905"
"2008","161518","Saint Joseph's College of Maine","Maine","Graduate","853"
"2008","161554","University of Southern Maine","Maine","Undergraduate","7879"
"2008","161554","University of Southern Maine","Maine","Graduate","2130"
"2008","161563","Thomas College","Maine","Undergraduate","756"
"2008","161563","Thomas College","Maine","Graduate","187"
"2008","161572","Unity College","Maine","Undergraduate","544"
"2008","373827","New England School of Communications","Maine","Undergraduate","440"
"2007","160959","College of the Atlantic","Maine","Undergraduate","341"
"2007","160959","College of the Atlantic","Maine","Graduate","8"
"2007","160968","Bangor Theological Seminary","Maine","Undergraduate","11"
"2007","160968","Bangor Theological Seminary","Maine","Graduate","63"
"2007","160968","Bangor Theological Seminary","Maine","First professional","66"
"2007","160977","Bates College","Maine","Undergraduate","1660"
"2007","161004","Bowdoin College","Maine","Undergraduate","1716"
"2007","161086","Colby College","Maine","Undergraduate","1867"
"2007","161165","Husson College","Maine","Undergraduate","2143"
"2007","161165","Husson College","Maine","Graduate","331"
"2007","161217","University of Maine at Augusta","Maine","Undergraduate","5078"
"2007","161217","University of Maine at Augusta","Maine","Graduate","23"
"2007","161226","University of Maine at Farmington","Maine","Undergraduate","2351"
"2007","161235","University of Maine at Fort Kent","Maine","Undergraduate","1269"
"2007","161244","University of Maine at Machias","Maine","Undergraduate","1093"
"2007","161253","University of Maine","Maine","Undergraduate","9596"
"2007","161253","University of Maine","Maine","Graduate","2316"
"2007","161299","Maine Maritime Academy","Maine","Undergraduate","883"
"2007","161299","Maine Maritime Academy","Maine","Graduate","18"
"2007","161341","University of Maine at Presque Isle","Maine","Undergraduate","1533"
"2007","161457","University of New England","Maine","Undergraduate","2140"
"2007","161457","University of New England","Maine","Graduate","1146"
"2007","161457","University of New England","Maine","First professional","506"
"2007","161509","Maine College of Art","Maine","Undergraduate","342"
"2007","161509","Maine College of Art","Maine","Graduate","37"
"2007","161518","Saint Joseph's College of Maine","Maine","Undergraduate","1967"
"2007","161518","Saint Joseph's College of Maine","Maine","Graduate","880"
"2007","161554","University of Southern Maine","Maine","Undergraduate","8133"
"2007","161554","University of Southern Maine","Maine","Graduate","2066"
"2007","161554","University of Southern Maine","Maine","First professional","254"
"2007","161563","Thomas College","Maine","Undergraduate","765"
"2007","161563","Thomas College","Maine","Graduate","210"
"2007","161572","Unity College","Maine","Undergraduate","555"
"2007","373827","New England School of Communications","Maine","Undergraduate","391"
"2006","160959","College of the Atlantic","Maine","Undergraduate","335"
"2006","160959","College of the Atlantic","Maine","Graduate","4"
"2006","160968","Bangor Theological Seminary","Maine","Undergraduate","20"
"2006","160968","Bangor Theological Seminary","Maine","Graduate","56"
"2006","160968","Bangor Theological Seminary","Maine","First professional","68"
"2006","160977","Bates College","Maine","Undergraduate","1744"
"2006","161004","Bowdoin College","Maine","Undergraduate","1734"
"2006","161086","Colby College","Maine","Undergraduate","1865"
"2006","161165","Husson College","Maine","Undergraduate","1969"
"2006","161165","Husson College","Maine","Graduate","260"
"2006","161217","University of Maine at Augusta","Maine","Undergraduate","5238"
"2006","161217","University of Maine at Augusta","Maine","Graduate","19"
"2006","161226","University of Maine at Farmington","Maine","Undergraduate","2421"
"2006","161235","University of Maine at Fort Kent","Maine","Undergraduate","1343"
"2006","161244","University of Maine at Machias","Maine","Undergraduate","1259"
"2006","161253","University of Maine","Maine","Undergraduate","9527"
"2006","161253","University of Maine","Maine","Graduate","2270"
"2006","161299","Maine Maritime Academy","Maine","Undergraduate","836"
"2006","161299","Maine Maritime Academy","Maine","Graduate","22"
"2006","161341","University of Maine at Presque Isle","Maine","Undergraduate","1655"
"2006","161457","University of New England","Maine","Undergraduate","1856"
"2006","161457","University of New England","Maine","Graduate","1023"
"2006","161457","University of New England","Maine","First professional","500"
"2006","161509","Maine College of Art","Maine","Undergraduate","381"
"2006","161509","Maine College of Art","Maine","Graduate","28"
"2006","161518","Saint Josephs College","Maine","Undergraduate","2161"
"2006","161518","Saint Josephs College","Maine","Graduate","1005"
"2006","161554","University of Southern Maine","Maine","Undergraduate","8287"
"2006","161554","University of Southern Maine","Maine","Graduate","1927"
"2006","161554","University of Southern Maine","Maine","First professional","264"
"2006","161563","Thomas College","Maine","Undergraduate","766"
"2006","161563","Thomas College","Maine","Graduate","191"
"2006","161572","Unity College","Maine","Undergraduate","556"
"2006","373827","New England School of Communications","Maine","Undergraduate","317"
"2005","160959","College of the Atlantic","Maine","Undergraduate","311"
"2005","160959","College of the Atlantic","Maine","Graduate","8"
"2005","160968","Bangor Theological Seminary","Maine","Undergraduate","31"
"2005","160968","Bangor Theological Seminary","Maine","Graduate","46"
"2005","160968","Bangor Theological Seminary","Maine","First professional","62"
"2005","160977","Bates College","Maine","Undergraduate","1699"
"2005","161004","Bowdoin College","Maine","Undergraduate","1666"
"2005","161086","Colby College","Maine","Undergraduate","1871"
"2005","161165","Husson College","Maine","Undergraduate","1866"
"2005","161165","Husson College","Maine","Graduate","227"
"2005","161217","University of Maine at Augusta","Maine","Undergraduate","5473"
"2005","161217","University of Maine at Augusta","Maine","Graduate","21"
"2005","161226","University of Maine at Farmington","Maine","Undergraduate","2452"
"2005","161235","University of Maine at Fort Kent","Maine","Undergraduate","1193"
"2005","161244","University of Maine at Machias","Maine","Undergraduate","1149"
"2005","161253","University of Maine","Maine","Undergraduate","9179"
"2005","161253","University of Maine","Maine","Graduate","2256"
"2005","161299","Maine Maritime Academy","Maine","Undergraduate","824"
"2005","161299","Maine Maritime Academy","Maine","Graduate","15"
"2005","161341","University of Maine at Presque Isle","Maine","Undergraduate","1548"
"2005","161457","University of New England","Maine","Undergraduate","1736"
"2005","161457","University of New England","Maine","Graduate","1077"
"2005","161457","University of New England","Maine","First professional","499"
"2005","161509","Maine College of Art","Maine","Undergraduate","461"
"2005","161509","Maine College of Art","Maine","Graduate","33"
"2005","161518","Saint Josephs College","Maine","Undergraduate","2447"
"2005","161518","Saint Josephs College","Maine","Graduate","1189"
"2005","161554","University of Southern Maine","Maine","Undergraduate","8622"
"2005","161554","University of Southern Maine","Maine","Graduate","2093"
"2005","161554","University of Southern Maine","Maine","First professional","259"
"2005","161563","Thomas College","Maine","Undergraduate","731"
"2005","161563","Thomas College","Maine","Graduate","144"
"2005","161572","Unity College","Maine","Undergraduate","528"
"2005","373827","New England School of Communications","Maine","Undergraduate","313"
"2004","160959","COLLEGE OF THE ATLANTIC","Maine","Undergraduate","272"
"2004","160959","COLLEGE OF THE ATLANTIC","Maine","Graduate","11"
"2004","160968","BANGOR THEOLOGICAL SEMINARY","Maine","Undergraduate","29"
"2004","160968","BANGOR THEOLOGICAL SEMINARY","Maine","Graduate","50"
"2004","160968","BANGOR THEOLOGICAL SEMINARY","Maine","First professional","53"
"2004","160977","BATES COLLEGE","Maine","Undergraduate","1743"
"2004","161004","BOWDOIN COLLEGE","Maine","Undergraduate","1677"
"2004","161086","COLBY COLLEGE","Maine","Undergraduate","1821"
"2004","161165","HUSSON COLLEGE","Maine","Undergraduate","1885"
"2004","161165","HUSSON COLLEGE","Maine","Graduate","263"
"2004","161217","UNIVERSITY OF MAINE AT AUGUSTA","Maine","Undergraduate","5510"
"2004","161217","UNIVERSITY OF MAINE AT AUGUSTA","Maine","Graduate","28"
"2004","161226","UNIVERSITY OF MAINE AT FARMINGTON","Maine","Undergraduate","2347"
"2004","161235","UNIVERSITY OF MAINE AT FORT KENT","Maine","Undergraduate","1076"
"2004","161244","UNIVERSITY OF MAINE AT MACHIAS","Maine","Undergraduate","1191"
"2004","161253","UNIVERSITY OF MAINE","Maine","Undergraduate","9085"
"2004","161253","UNIVERSITY OF MAINE","Maine","Graduate","2273"
"2004","161299","MAINE MARITIME ACADEMY","Maine","Undergraduate","805"
"2004","161299","MAINE MARITIME ACADEMY","Maine","Graduate","14"
"2004","161341","UNIVERSITY OF MAINE AT PRESQUE ISLE","Maine","Undergraduate","1652"
"2004","161457","UNIVERSITY OF NEW ENGLAND","Maine","Undergraduate","1695"
"2004","161457","UNIVERSITY OF NEW ENGLAND","Maine","Graduate","1141"
"2004","161457","UNIVERSITY OF NEW ENGLAND","Maine","First professional","491"
"2004","161509","MAINE COLLEGE OF ART","Maine","Undergraduate","431"
"2004","161509","MAINE COLLEGE OF ART","Maine","Graduate","34"
"2004","161518","SAINT JOSEPHS COLLEGE","Maine","Undergraduate","2624"
"2004","161518","SAINT JOSEPHS COLLEGE","Maine","Graduate","1177"
"2004","161554","UNIVERSITY OF SOUTHERN MAINE","Maine","Undergraduate","8736"
"2004","161554","UNIVERSITY OF SOUTHERN MAINE","Maine","Graduate","2072"
"2004","161554","UNIVERSITY OF SOUTHERN MAINE","Maine","First professional","281"
"2004","161563","THOMAS COLLEGE","Maine","Undergraduate","737"
"2004","161563","THOMAS COLLEGE","Maine","Graduate","133"
"2004","161572","UNITY COLLEGE","Maine","Undergraduate","521"
"2004","373827","NEW ENGLAND SCHOOL OF COMMUNICATIONS","Maine","Undergraduate","267"
"2003","160959","COLLEGE OF THE ATLANTIC","Maine","Undergraduate","287"
"2003","160959","COLLEGE OF THE ATLANTIC","Maine","Graduate","11"
"2003","160968","BANGOR THEOLOGICAL SEMINARY","Maine","Undergraduate","22"
"2003","160968","BANGOR THEOLOGICAL SEMINARY","Maine","Graduate","32"
"2003","160968","BANGOR THEOLOGICAL SEMINARY","Maine","First professional","55"
"2003","160977","BATES COLLEGE","Maine","Undergraduate","1746"
"2003","161004","BOWDOIN COLLEGE","Maine","Undergraduate","1647"
"2003","161086","COLBY COLLEGE","Maine","Undergraduate","1768"
"2003","161165","HUSSON COLLEGE","Maine","Undergraduate","1777"
"2003","161165","HUSSON COLLEGE","Maine","Graduate","273"
"2003","161217","UNIVERSITY OF MAINE AT AUGUSTA","Maine","Undergraduate","5931"
"2003","161217","UNIVERSITY OF MAINE AT AUGUSTA","Maine","Graduate","12"
"2003","161226","UNIVERSITY OF MAINE AT FARMINGTON","Maine","Undergraduate","2431"
"2003","161235","UNIVERSITY OF MAINE AT FORT KENT","Maine","Undergraduate","933"
"2003","161244","UNIVERSITY OF MAINE AT MACHIAS","Maine","Undergraduate","1313"
"2003","161253","UNIVERSITY OF MAINE","Maine","Undergraduate","8972"
"2003","161253","UNIVERSITY OF MAINE","Maine","Graduate","2250"
"2003","161299","MAINE MARITIME ACADEMY","Maine","Undergraduate","749"
"2003","161299","MAINE MARITIME ACADEMY","Maine","Graduate","12"
"2003","161341","UNIVERSITY OF MAINE AT PRESQUE ISLE","Maine","Undergraduate","1546"
"2003","161448","NEW ENGLAND BAPTIST BIBLE COLLEGE","Maine","Undergraduate","41"
"2003","161457","UNIVERSITY OF NEW ENGLAND","Maine","Undergraduate","1541"
"2003","161457","UNIVERSITY OF NEW ENGLAND","Maine","Graduate","1168"
"2003","161457","UNIVERSITY OF NEW ENGLAND","Maine","First professional","483"
"2003","161509","MAINE COLLEGE OF ART","Maine","Undergraduate","447"
"2003","161509","MAINE COLLEGE OF ART","Maine","Graduate","30"
"2003","161518","SAINT JOSEPHS COLLEGE","Maine","Undergraduate","2571"
"2003","161518","SAINT JOSEPHS COLLEGE","Maine","Graduate","1152"
"2003","161554","UNIVERSITY OF SOUTHERN MAINE","Maine","Undergraduate","8613"
"2003","161554","UNIVERSITY OF SOUTHERN MAINE","Maine","Graduate","2113"
"2003","161554","UNIVERSITY OF SOUTHERN MAINE","Maine","First professional","281"
"2003","161563","THOMAS COLLEGE","Maine","Undergraduate","695"
"2003","161563","THOMAS COLLEGE","Maine","Graduate","134"
"2003","161572","UNITY COLLEGE","Maine","Undergraduate","488"
"2003","373827","NEW ENGLAND SCHOOL OF COMMUNICATIONS","Maine","Undergraduate","142"
"2002","160959","COLLEGE OF THE ATLANTIC","Maine","Undergraduate","276"
"2002","160959","COLLEGE OF THE ATLANTIC","Maine","Graduate","4"
"2002","160968","BANGOR THEOLOGICAL SEMINARY","Maine","Undergraduate","6"
"2002","160968","BANGOR THEOLOGICAL SEMINARY","Maine","Graduate","51"
"2002","160968","BANGOR THEOLOGICAL SEMINARY","Maine","First professional","42"
"2002","160977","BATES COLLEGE","Maine","Undergraduate","1738"
"2002","161004","BOWDOIN COLLEGE","Maine","Undergraduate","1657"
"2002","161086","COLBY COLLEGE","Maine","Undergraduate","1830"
"2002","161165","HUSSON COLLEGE","Maine","Undergraduate","1611"
"2002","161165","HUSSON COLLEGE","Maine","Graduate","259"
"2002","161217","UNIVERSITY OF MAINE AT AUGUSTA","Maine","Undergraduate","5722"
"2002","161226","UNIVERSITY OF MAINE AT FARMINGTON","Maine","Undergraduate","2399"
"2002","161235","UNIVERSITY OF MAINE AT FORT KENT","Maine","Undergraduate","827"
"2002","161244","UNIVERSITY OF MAINE AT MACHIAS","Maine","Undergraduate","1068"
"2002","161253","UNIVERSITY OF MAINE","Maine","Undergraduate","8817"
"2002","161253","UNIVERSITY OF MAINE","Maine","Graduate","2318"
"2002","161299","MAINE MARITIME ACADEMY","Maine","Undergraduate","716"
"2002","161299","MAINE MARITIME ACADEMY","Maine","Graduate","8"
"2002","161341","UNIVERSITY OF MAINE AT PRESQUE ISLE","Maine","Undergraduate","1560"
"2002","161448","NEW ENGLAND BAPTIST BIBLE COLLEGE","Maine","Undergraduate","37"
"2002","161457","UNIVERSITY OF NEW ENGLAND","Maine","Undergraduate","1559"
"2002","161457","UNIVERSITY OF NEW ENGLAND","Maine","Graduate","1755"
"2002","161457","UNIVERSITY OF NEW ENGLAND","Maine","First professional","466"
"2002","161509","MAINE COLLEGE OF ART","Maine","Undergraduate","430"
"2002","161509","MAINE COLLEGE OF ART","Maine","Graduate","29"
"2002","161518","SAINT JOSEPHS COLLEGE","Maine","Undergraduate","2675"
"2002","161518","SAINT JOSEPHS COLLEGE","Maine","Graduate","1225"
"2002","161554","UNIVERSITY OF SOUTHERN MAINE","Maine","Undergraduate","9017"
"2002","161554","UNIVERSITY OF SOUTHERN MAINE","Maine","Graduate","2104"
"2002","161554","UNIVERSITY OF SOUTHERN MAINE","Maine","First professional","261"
"2002","161563","THOMAS COLLEGE","Maine","Undergraduate","671"
"2002","161563","THOMAS COLLEGE","Maine","Graduate","148"
"2002","161572","UNITY COLLEGE","Maine","Undergraduate","482"
"2002","373827","NEW ENGLAND SCHOOL OF COMMUNICATIONS","Maine","Undergraduate","97"
"2001","160959","COLLEGE OF THE ATLANTIC","Maine","Undergraduate","269"
"2001","160959","COLLEGE OF THE ATLANTIC","Maine","Graduate","2"
"2001","160968","BANGOR THEOLOGICAL SEMINARY","Maine","Graduate","28"
"2001","160968","BANGOR THEOLOGICAL SEMINARY","Maine","First professional","50"
"2001","160977","BATES COLLEGE","Maine","Undergraduate","1767"
"2001","161004","BOWDOIN COLLEGE","Maine","Undergraduate","1635"
"2001","161086","COLBY COLLEGE","Maine","Undergraduate","1809"
"2001","161165","HUSSON COLLEGE","Maine","Undergraduate","1602"
"2001","161165","HUSSON COLLEGE","Maine","Graduate","262"
"2001","161217","UNIVERSITY OF MAINE AT AUGUSTA","Maine","Undergraduate","5575"
"2001","161226","UNIVERSITY OF MAINE AT FARMINGTON","Maine","Undergraduate","2435"
"2001","161235","UNIVERSITY OF MAINE AT FORT KENT","Maine","Undergraduate","897"
"2001","161244","UNIVERSITY OF MAINE AT MACHIAS","Maine","Undergraduate","1017"
"2001","161253","UNIVERSITY OF MAINE","Maine","Undergraduate","8511"
"2001","161253","UNIVERSITY OF MAINE","Maine","Graduate","2187"
"2001","161299","MAINE MARITIME ACADEMY","Maine","Undergraduate","713"
"2001","161299","MAINE MARITIME ACADEMY","Maine","Graduate","14"
"2001","161341","UNIVERSITY OF MAINE AT PRESQUE ISLE","Maine","Undergraduate","1367"
"2001","161457","UNIVERSITY OF NEW ENGLAND-UNIVERSITY CAMPUS","Maine","Undergraduate","1389"
"2001","161457","UNIVERSITY OF NEW ENGLAND-UNIVERSITY CAMPUS","Maine","Graduate","992"
"2001","161457","UNIVERSITY OF NEW ENGLAND-UNIVERSITY CAMPUS","Maine","First professional","456"
"2001","161509","MAINE COLLEGE OF ART","Maine","Undergraduate","435"
"2001","161509","MAINE COLLEGE OF ART","Maine","Graduate","26"
"2001","161518","SAINT JOSEPHS COLLEGE","Maine","Undergraduate","3561"
"2001","161518","SAINT JOSEPHS COLLEGE","Maine","Graduate","1709"
"2001","161554","UNIVERSITY OF SOUTHERN MAINE","Maine","Undergraduate","8831"
"2001","161554","UNIVERSITY OF SOUTHERN MAINE","Maine","Graduate","1891"
"2001","161554","UNIVERSITY OF SOUTHERN MAINE","Maine","First professional","244"
"2001","161563","THOMAS COLLEGE","Maine","Undergraduate","665"
"2001","161563","THOMAS COLLEGE","Maine","Graduate","114"
"2001","161572","UNITY COLLEGE","Maine","Undergraduate","501"
"2001","373827","NEW ENGLAND SCHOOL OF COMMUNICATIONS","Maine","Undergraduate","103"
